date,season,ranking,acousticness,danceability,duration,energy,key,liveness,loudness,mode,speechiness,tempo,time_signature,valence
4/26/2014,0,1,0.004232,0.629874,205.322,0.309857,6,0.136205,-18.184,1,0.132728,135.922,4,0.362971
4/26/2014,0,2,0.000278,0.601488,249.98558,0.740192,5,0.101102,-6.388,0,0.030261,127.969,4,0.181446
4/26/2014,0,3,0.603916,0.553758,224.46621,0.462616,8,0.122817,-7.852,1,0.031792,137.024,4,0.372113
4/26/2014,0,4,0.254549,0.66758,231.96689,0.691883,5,0.184999,-7.381,0,0.117125,159.886,4,0.883516
4/26/2014,0,5,0.038124,0.759689,176.29288,0.651909,6,0.577631,-7.311,1,0.246123,100.288,4,0.750014
4/26/2014,0,6,0.027915,0.848695,264.33392,0.513727,1,0.088131,-6.021,1,0.050392,99.023,4,0.599946
4/26/2014,0,7,0.002081,0.789364,178.99057,0.404708,9,0.094998,-19.159,1,0.295675,100.003,4,0.237538
4/26/2014,0,8,0.022267,0.785359,295.34621,0.804214,2,0.11504,-5.235,1,0.06186,127.943,4,0.781185
4/26/2014,0,9,0.026808,0.586814,178.11955,0.972742,11,0.457417,-3.862,1,0.104483,129.963,4,0.757586
4/26/2014,0,10,0.939019,0.721679,215.09179,0.100491,9,0.089896,-22.641,1,0.127101,129.173,4,0.567324
4/19/2014,0,1,0.004232,0.629874,205.322,0.309857,6,0.136205,-18.184,1,0.132728,135.922,4,0.362971
4/19/2014,0,2,0.603916,0.553758,224.46621,0.462616,8,0.122817,-7.852,1,0.031792,137.024,4,0.372113
4/19/2014,0,3,0.000278,0.601488,249.98558,0.740192,5,0.101102,-6.388,0,0.030261,127.969,4,0.181446
4/19/2014,0,4,0.254549,0.66758,231.96689,0.691883,5,0.184999,-7.381,0,0.117125,159.886,4,0.883516
4/19/2014,0,5,0.038124,0.759689,176.29288,0.651909,6,0.577631,-7.311,1,0.246123,100.288,4,0.750014
4/19/2014,0,6,0.027915,0.848695,264.33392,0.513727,1,0.088131,-6.021,1,0.050392,99.023,4,0.599946
4/19/2014,0,7,0.002081,0.789364,178.99057,0.404708,9,0.094998,-19.159,1,0.295675,100.003,4,0.237538
4/19/2014,0,8,0.022267,0.785359,295.34621,0.804214,2,0.11504,-5.235,1,0.06186,127.943,4,0.781185
4/19/2014,0,9,0.026808,0.586814,178.11955,0.972742,11,0.457417,-3.862,1,0.104483,129.963,4,0.757586
4/19/2014,0,10,0.019061,0.589336,259.58621,0.857334,9,0.446493,-6.017,1,0.078404,128.018,4,0.375928
4/12/2014,0,1,0.004232,0.629874,205.322,0.309857,6,0.136205,-18.184,1,0.132728,135.922,4,0.362971
4/12/2014,0,2,0.603916,0.553758,224.46621,0.462616,8,0.122817,-7.852,1,0.031792,137.024,4,0.372113
4/12/2014,0,3,0.000278,0.601488,249.98558,0.740192,5,0.101102,-6.388,0,0.030261,127.969,4,0.181446
4/12/2014,0,4,0.038124,0.759689,176.29288,0.651909,6,0.577631,-7.311,1,0.246123,100.288,4,0.750014
4/12/2014,0,5,0.027915,0.848695,264.33392,0.513727,1,0.088131,-6.021,1,0.050392,99.023,4,0.599946
4/12/2014,0,6,0.022267,0.785359,295.34621,0.804214,2,0.11504,-5.235,1,0.06186,127.943,4,0.781185
4/12/2014,0,7,0.026808,0.586814,178.11955,0.972742,11,0.457417,-3.862,1,0.104483,129.963,4,0.757586
4/12/2014,0,8,0.002081,0.789364,178.99057,0.404708,9,0.094998,-19.159,1,0.295675,100.003,4,0.237538
4/12/2014,0,9,0.939019,0.721679,215.09179,0.100491,9,0.089896,-22.641,1,0.127101,129.173,4,0.567324
4/12/2014,0,10,0.254549,0.66758,231.96689,0.691883,5,0.184999,-7.381,0,0.117125,159.886,4,0.883516
4/5/2014,0,1,0.004232,0.629874,205.322,0.309857,6,0.136205,-18.184,1,0.132728,135.922,4,0.362971
4/5/2014,0,2,0.603916,0.553758,224.46621,0.462616,8,0.122817,-7.852,1,0.031792,137.024,4,0.372113
4/5/2014,0,3,0.038124,0.759689,176.29288,0.651909,6,0.577631,-7.311,1,0.246123,100.288,4,0.750014
4/5/2014,0,4,0.000278,0.601488,249.98558,0.740192,5,0.101102,-6.388,0,0.030261,127.969,4,0.181446
4/5/2014,0,5,0.026808,0.586814,178.11955,0.972742,11,0.457417,-3.862,1,0.104483,129.963,4,0.757586
4/5/2014,0,6,0.022267,0.785359,295.34621,0.804214,2,0.11504,-5.235,1,0.06186,127.943,4,0.781185
4/5/2014,0,7,0.002081,0.789364,178.99057,0.404708,9,0.094998,-19.159,1,0.295675,100.003,4,0.237538
4/5/2014,0,8,0.939019,0.721679,215.09179,0.100491,9,0.089896,-22.641,1,0.127101,129.173,4,0.567324
4/5/2014,0,9,0.019061,0.589336,259.58621,0.857334,9,0.446493,-6.017,1,0.078404,128.018,4,0.375928
4/5/2014,0,10,0.254549,0.66758,231.96689,0.691883,5,0.184999,-7.381,0,0.117125,159.886,4,0.883516
3/29/2014,0,1,0.968844,0.37922,161.41288,0.149871,7,0.118219,-16.558,1,0.037953,143.444,4,0.098218
3/29/2014,0,2,0.004232,0.629874,205.322,0.309857,6,0.136205,-18.184,1,0.132728,135.922,4,0.362971
3/29/2014,0,3,0.038124,0.759689,176.29288,0.651909,6,0.577631,-7.311,1,0.246123,100.288,4,0.750014
3/29/2014,0,4,0.000278,0.601488,249.98558,0.740192,5,0.101102,-6.388,0,0.030261,127.969,4,0.181446
3/29/2014,0,5,0.254549,0.66758,231.96689,0.691883,5,0.184999,-7.381,0,0.117125,159.886,4,0.883516
3/29/2014,0,6,0.026808,0.586814,178.11955,0.972742,11,0.457417,-3.862,1,0.104483,129.963,4,0.757586
3/29/2014,0,7,0.022267,0.785359,295.34621,0.804214,2,0.11504,-5.235,1,0.06186,127.943,4,0.781185
3/29/2014,0,8,0.010673,0.570087,323.54639,0.6057,5,0.192739,-6.956,0,0.050454,139.923,4,0.416012
3/29/2014,0,9,0.019061,0.589336,259.58621,0.857334,9,0.446493,-6.017,1,0.078404,128.018,4,0.375928
3/29/2014,0,10,0.603916,0.553758,224.46621,0.462616,8,0.122817,-7.852,1,0.031792,137.024,4,0.372113
3/22/2014,0,1,0.004232,0.629874,205.322,0.309857,6,0.136205,-18.184,1,0.132728,135.922,4,0.362971
3/22/2014,0,2,0.254549,0.66758,231.96689,0.691883,5,0.184999,-7.381,0,0.117125,159.886,4,0.883516
3/22/2014,0,3,0.038124,0.759689,176.29288,0.651909,6,0.577631,-7.311,1,0.246123,100.288,4,0.750014
3/22/2014,0,4,0.000278,0.601488,249.98558,0.740192,5,0.101102,-6.388,0,0.030261,127.969,4,0.181446
3/22/2014,0,5,0.010673,0.570087,323.54639,0.6057,5,0.192739,-6.956,0,0.050454,139.923,4,0.416012
3/22/2014,0,6,0.026808,0.586814,178.11955,0.972742,11,0.457417,-3.862,1,0.104483,129.963,4,0.757586
3/22/2014,0,7,0.603916,0.553758,224.46621,0.462616,8,0.122817,-7.852,1,0.031792,137.024,4,0.372113
3/22/2014,0,8,0.160145,0.76739,235.57288,0.495066,10,0.160852,-7.261,0,0.078891,85.512,4,0.69913
3/22/2014,0,9,0.853131,0.455703,231.23955,0.129309,2,0.087296,-9.936,1,0.034413,139.621,3,0.081251
3/22/2014,0,10,0.019061,0.589336,259.58621,0.857334,9,0.446493,-6.017,1,0.078404,128.018,4,0.375928
3/15/2014,0,1,0.004232,0.629874,205.322,0.309857,6,0.136205,-18.184,1,0.132728,135.922,4,0.362971
3/15/2014,0,2,0.038124,0.759689,176.29288,0.651909,6,0.577631,-7.311,1,0.246123,100.288,4,0.750014
3/15/2014,0,3,0.254549,0.66758,231.96689,0.691883,5,0.184999,-7.381,0,0.117125,159.886,4,0.883516
3/15/2014,0,4,0.004608,0.450546,229.41556,0.451205,11,0.366434,-12.083,0,0.11354,92.972,4,0.087656
3/15/2014,0,5,0.010673,0.570087,323.54639,0.6057,5,0.192739,-6.956,0,0.050454,139.923,4,0.416012
3/15/2014,0,6,0.000278,0.601488,249.98558,0.740192,5,0.101102,-6.388,0,0.030261,127.969,4,0.181446
3/15/2014,0,7,0.026808,0.586814,178.11955,0.972742,11,0.457417,-3.862,1,0.104483,129.963,4,0.757586
3/15/2014,0,8,0.853131,0.455703,231.23955,0.129309,2,0.087296,-9.936,1,0.034413,139.621,3,0.081251
3/15/2014,0,9,0.160145,0.76739,235.57288,0.495066,10,0.160852,-7.261,0,0.078891,85.512,4,0.69913
3/15/2014,0,10,0.019061,0.589336,259.58621,0.857334,9,0.446493,-6.017,1,0.078404,128.018,4,0.375928
3/8/2014,0,1,0.004232,0.629874,205.322,0.309857,6,0.136205,-18.184,1,0.132728,135.922,4,0.362971
3/8/2014,0,2,0.010673,0.570087,323.54639,0.6057,5,0.192739,-6.956,0,0.050454,139.923,4,0.416012
3/8/2014,0,3,0.038124,0.759689,176.29288,0.651909,6,0.577631,-7.311,1,0.246123,100.288,4,0.750014
3/8/2014,0,4,0.254549,0.66758,231.96689,0.691883,5,0.184999,-7.381,0,0.117125,159.886,4,0.883516
3/8/2014,0,5,0.026808,0.586814,178.11955,0.972742,11,0.457417,-3.862,1,0.104483,129.963,4,0.757586
3/8/2014,0,6,0.000278,0.601488,249.98558,0.740192,5,0.101102,-6.388,0,0.030261,127.969,4,0.181446
3/8/2014,0,7,0.853131,0.455703,231.23955,0.129309,2,0.087296,-9.936,1,0.034413,139.621,3,0.081251
3/8/2014,0,8,0.019061,0.589336,259.58621,0.857334,9,0.446493,-6.017,1,0.078404,128.018,4,0.375928
3/8/2014,0,9,0.380999,0.493025,212.55791,0.290061,4,0.296237,-18.892,0,0.046432,76.519,4,0.426887
3/8/2014,0,10,0.180361,0.791806,190.18481,0.421895,7,0.122367,-9.567,1,0.106567,84.981,4,0.328322
3/1/2014,0,1,0.010673,0.570087,323.54639,0.6057,5,0.192739,-6.956,0,0.050454,139.923,4,0.416012
3/1/2014,0,2,0.038124,0.759689,176.29288,0.651909,6,0.577631,-7.311,1,0.246123,100.288,4,0.750014
3/1/2014,0,3,0.004232,0.629874,205.322,0.309857,6,0.136205,-18.184,1,0.132728,135.922,4,0.362971
3/1/2014,0,4,0.853131,0.455703,231.23955,0.129309,2,0.087296,-9.936,1,0.034413,139.621,3,0.081251
3/1/2014,0,5,0.026808,0.586814,178.11955,0.972742,11,0.457417,-3.862,1,0.104483,129.963,4,0.757586
3/1/2014,0,6,0.380999,0.493025,212.55791,0.290061,4,0.296237,-18.892,0,0.046432,76.519,4,0.426887
3/1/2014,0,7,0.254549,0.66758,231.96689,0.691883,5,0.184999,-7.381,0,0.117125,159.886,4,0.883516
3/1/2014,0,8,0.019061,0.589336,259.58621,0.857334,9,0.446493,-6.017,1,0.078404,128.018,4,0.375928
3/1/2014,0,9,0.180361,0.791806,190.18481,0.421895,7,0.122367,-9.567,1,0.106567,84.981,4,0.328322
3/1/2014,0,10,0.320161,0.520518,259.00803,0.252133,5,0.096628,-15.694,1,0.054549,119.75,4,0.179288
2/22/2014,0,1,0.010673,0.570087,323.54639,0.6057,5,0.192739,-6.956,0,0.050454,139.923,4,0.416012
2/22/2014,0,2,0.853131,0.455703,231.23955,0.129309,2,0.087296,-9.936,1,0.034413,139.621,3,0.081251
2/22/2014,0,3,0.004232,0.629874,205.322,0.309857,6,0.136205,-18.184,1,0.132728,135.922,4,0.362971
2/22/2014,0,4,0.038124,0.759689,176.29288,0.651909,6,0.577631,-7.311,1,0.246123,100.288,4,0.750014
2/22/2014,0,5,0.090708,0.697646,206.47955,0.755507,11,0.141892,-5.326,0,0.063686,137.932,4,0.818263
2/22/2014,0,6,0.026808,0.586814,178.11955,0.972742,11,0.457417,-3.862,1,0.104483,129.963,4,0.757586
2/22/2014,0,7,0.380999,0.493025,212.55791,0.290061,4,0.296237,-18.892,0,0.046432,76.519,4,0.426887
2/22/2014,0,8,0.180361,0.791806,190.18481,0.421895,7,0.122367,-9.567,1,0.106567,84.981,4,0.328322
2/22/2014,0,9,0.019061,0.589336,259.58621,0.857334,9,0.446493,-6.017,1,0.078404,128.018,4,0.375928
2/22/2014,0,10,0.320161,0.520518,259.00803,0.252133,5,0.096628,-15.694,1,0.054549,119.75,4,0.179288
2/15/2014,0,1,0.010673,0.570087,323.54639,0.6057,5,0.192739,-6.956,0,0.050454,139.923,4,0.416012
2/15/2014,0,2,0.090708,0.697646,206.47955,0.755507,11,0.141892,-5.326,0,0.063686,137.932,4,0.818263
2/15/2014,0,3,0.004232,0.629874,205.322,0.309857,6,0.136205,-18.184,1,0.132728,135.922,4,0.362971
2/15/2014,0,4,0.026808,0.586814,178.11955,0.972742,11,0.457417,-3.862,1,0.104483,129.963,4,0.757586
2/15/2014,0,5,0.038124,0.759689,176.29288,0.651909,6,0.577631,-7.311,1,0.246123,100.288,4,0.750014
2/15/2014,0,6,0.180361,0.791806,190.18481,0.421895,7,0.122367,-9.567,1,0.106567,84.981,4,0.328322
2/15/2014,0,7,0.853131,0.455703,231.23955,0.129309,2,0.087296,-9.936,1,0.034413,139.621,3,0.081251
2/15/2014,0,8,0.380999,0.493025,212.55791,0.290061,4,0.296237,-18.892,0,0.046432,76.519,4,0.426887
2/15/2014,0,9,0.320161,0.520518,259.00803,0.252133,5,0.096628,-15.694,1,0.054549,119.75,4,0.179288
2/15/2014,0,10,0.019061,0.589336,259.58621,0.857334,9,0.446493,-6.017,1,0.078404,128.018,4,0.375928
2/8/2014,0,1,0.004232,0.629874,205.322,0.309857,6,0.136205,-18.184,1,0.132728,135.922,4,0.362971
2/8/2014,0,2,0.010673,0.570087,323.54639,0.6057,5,0.192739,-6.956,0,0.050454,139.923,4,0.416012
2/8/2014,0,3,0.026808,0.586814,178.11955,0.972742,11,0.457417,-3.862,1,0.104483,129.963,4,0.757586
2/8/2014,0,4,0.853131,0.455703,231.23955,0.129309,2,0.087296,-9.936,1,0.034413,139.621,3,0.081251
2/8/2014,0,5,0.320161,0.520518,259.00803,0.252133,5,0.096628,-15.694,1,0.054549,119.75,4,0.179288
2/8/2014,0,6,0.180361,0.791806,190.18481,0.421895,7,0.122367,-9.567,1,0.106567,84.981,4,0.328322
2/8/2014,0,7,0.019061,0.589336,259.58621,0.857334,9,0.446493,-6.017,1,0.078404,128.018,4,0.375928
2/8/2014,0,8,0.038124,0.759689,176.29288,0.651909,6,0.577631,-7.311,1,0.246123,100.288,4,0.750014
2/8/2014,0,9,0.380999,0.493025,212.55791,0.290061,4,0.296237,-18.892,0,0.046432,76.519,4,0.426887
2/8/2014,0,10,0.067378,0.78258,250.30621,0.706805,9,0.086758,-8.787,1,0.087757,110.025,4,0.589566
2/1/2014,0,1,0.010673,0.570087,323.54639,0.6057,5,0.192739,-6.956,0,0.050454,139.923,4,0.416012
2/1/2014,0,2,0.026808,0.586814,178.11955,0.972742,11,0.457417,-3.862,1,0.104483,129.963,4,0.757586
2/1/2014,0,3,0.004232,0.629874,205.322,0.309857,6,0.136205,-18.184,1,0.132728,135.922,4,0.362971
2/1/2014,0,4,0.853131,0.455703,231.23955,0.129309,2,0.087296,-9.936,1,0.034413,139.621,3,0.081251
2/1/2014,0,5,0.320161,0.520518,259.00803,0.252133,5,0.096628,-15.694,1,0.054549,119.75,4,0.179288
2/1/2014,0,6,0.019061,0.589336,259.58621,0.857334,9,0.446493,-6.017,1,0.078404,128.018,4,0.375928
2/1/2014,0,7,0.180361,0.791806,190.18481,0.421895,7,0.122367,-9.567,1,0.106567,84.981,4,0.328322
2/1/2014,0,8,0.380999,0.493025,212.55791,0.290061,4,0.296237,-18.892,0,0.046432,76.519,4,0.426887
2/1/2014,0,9,0.067378,0.78258,250.30621,0.706805,9,0.086758,-8.787,1,0.087757,110.025,4,0.589566
2/1/2014,0,10,0.090109,0.749624,239.33288,0.786797,10,0.14464,-9.644,1,0.184007,124.993,4,0.78315
1/25/2014,0,1,0.320161,0.520518,259.00803,0.252133,5,0.096628,-15.694,1,0.054549,119.75,4,0.179288
1/25/2014,0,2,0.010673,0.570087,323.54639,0.6057,5,0.192739,-6.956,0,0.050454,139.923,4,0.416012
1/25/2014,0,3,0.026808,0.586814,178.11955,0.972742,11,0.457417,-3.862,1,0.104483,129.963,4,0.757586
1/25/2014,0,4,0.853131,0.455703,231.23955,0.129309,2,0.087296,-9.936,1,0.034413,139.621,3,0.081251
1/25/2014,0,5,0.004232,0.629874,205.322,0.309857,6,0.136205,-18.184,1,0.132728,135.922,4,0.362971
1/25/2014,0,6,0.180361,0.791806,190.18481,0.421895,7,0.122367,-9.567,1,0.106567,84.981,4,0.328322
1/25/2014,0,7,0.019061,0.589336,259.58621,0.857334,9,0.446493,-6.017,1,0.078404,128.018,4,0.375928
1/25/2014,0,8,0.067378,0.78258,250.30621,0.706805,9,0.086758,-8.787,1,0.087757,110.025,4,0.589566
1/25/2014,0,9,0.380999,0.493025,212.55791,0.290061,4,0.296237,-18.892,0,0.046432,76.519,4,0.426887
1/25/2014,0,10,0.000362,0.83642,317.53601,0.413563,2,0.122944,-13.295,1,0.405226,139.998,4,0.203645
1/18/2014,0,1,0.320161,0.520518,259.00803,0.252133,5,0.096628,-15.694,1,0.054549,119.75,4,0.179288
1/18/2014,0,2,0.026808,0.586814,178.11955,0.972742,11,0.457417,-3.862,1,0.104483,129.963,4,0.757586
1/18/2014,0,3,0.010673,0.570087,323.54639,0.6057,5,0.192739,-6.956,0,0.050454,139.923,4,0.416012
1/18/2014,0,4,0.180361,0.791806,190.18481,0.421895,7,0.122367,-9.567,1,0.106567,84.981,4,0.328322
1/18/2014,0,5,0.090109,0.749624,239.33288,0.786797,10,0.14464,-9.644,1,0.184007,124.993,4,0.78315
1/18/2014,0,6,0.067378,0.78258,250.30621,0.706805,9,0.086758,-8.787,1,0.087757,110.025,4,0.589566
1/18/2014,0,7,0.019061,0.589336,259.58621,0.857334,9,0.446493,-6.017,1,0.078404,128.018,4,0.375928
1/18/2014,0,8,0.000362,0.83642,317.53601,0.413563,2,0.122944,-13.295,1,0.405226,139.998,4,0.203645
1/18/2014,0,9,0.853131,0.455703,231.23955,0.129309,2,0.087296,-9.936,1,0.034413,139.621,3,0.081251
1/18/2014,0,10,0.004232,0.629874,205.322,0.309857,6,0.136205,-18.184,1,0.132728,135.922,4,0.362971
1/11/2014,0,1,0.110627,0.577656,277.91955,0.623461,0,0.194966,-6.526,1,0.031594,119.762,4,0.200785
1/11/2014,0,2,0.320161,0.520518,259.00803,0.252133,5,0.096628,-15.694,1,0.054549,119.75,4,0.179288
1/11/2014,0,3,0.010673,0.570087,323.54639,0.6057,5,0.192739,-6.956,0,0.050454,139.923,4,0.416012
1/11/2014,0,4,0.180361,0.791806,190.18481,0.421895,7,0.122367,-9.567,1,0.106567,84.981,4,0.328322
1/11/2014,0,5,0.067378,0.78258,250.30621,0.706805,9,0.086758,-8.787,1,0.087757,110.025,4,0.589566
1/11/2014,0,6,0.026808,0.586814,178.11955,0.972742,11,0.457417,-3.862,1,0.104483,129.963,4,0.757586
1/11/2014,0,7,0.000362,0.83642,317.53601,0.413563,2,0.122944,-13.295,1,0.405226,139.998,4,0.203645
1/11/2014,0,8,0.090109,0.749624,239.33288,0.786797,10,0.14464,-9.644,1,0.184007,124.993,4,0.78315
1/11/2014,0,9,0.251195,0.595919,243.62331,0.594719,3,0.151991,-8.121,1,0.050365,121.111,4,0.287292
1/11/2014,0,10,0.019061,0.589336,259.58621,0.857334,9,0.446493,-6.017,1,0.078404,128.018,4,0.375928
1/4/2014,0,1,0.067378,0.78258,250.30621,0.706805,9,0.086758,-8.787,1,0.087757,110.025,4,0.589566
1/4/2014,0,2,0.320161,0.520518,259.00803,0.252133,5,0.096628,-15.694,1,0.054549,119.75,4,0.179288
1/4/2014,0,3,0.010673,0.570087,323.54639,0.6057,5,0.192739,-6.956,0,0.050454,139.923,4,0.416012
1/4/2014,0,4,0.026808,0.586814,178.11955,0.972742,11,0.457417,-3.862,1,0.104483,129.963,4,0.757586
1/4/2014,0,5,0.180361,0.791806,190.18481,0.421895,7,0.122367,-9.567,1,0.106567,84.981,4,0.328322
1/4/2014,0,6,0.853131,0.455703,231.23955,0.129309,2,0.087296,-9.936,1,0.034413,139.621,3,0.081251
1/4/2014,0,7,0.019061,0.589336,259.58621,0.857334,9,0.446493,-6.017,1,0.078404,128.018,4,0.375928
1/4/2014,0,8,0.000362,0.83642,317.53601,0.413563,2,0.122944,-13.295,1,0.405226,139.998,4,0.203645
1/4/2014,0,9,0.251195,0.595919,243.62331,0.594719,3,0.151991,-8.121,1,0.050365,121.111,4,0.287292
1/4/2014,0,10,0.380999,0.493025,212.55791,0.290061,4,0.296237,-18.892,0,0.046432,76.519,4,0.426887
12/28/2013,0,1,0.320161,0.520518,259.00803,0.252133,5,0.096628,-15.694,1,0.054549,119.75,4,0.179288
12/28/2013,0,2,0.067378,0.78258,250.30621,0.706805,9,0.086758,-8.787,1,0.087757,110.025,4,0.589566
12/28/2013,0,3,0.026808,0.586814,178.11955,0.972742,11,0.457417,-3.862,1,0.104483,129.963,4,0.757586
12/28/2013,0,4,0.180361,0.791806,190.18481,0.421895,7,0.122367,-9.567,1,0.106567,84.981,4,0.328322
12/28/2013,0,5,0.251195,0.595919,243.62331,0.594719,3,0.151991,-8.121,1,0.050365,121.111,4,0.287292
12/28/2013,0,6,0.019061,0.589336,259.58621,0.857334,9,0.446493,-6.017,1,0.078404,128.018,4,0.375928
12/28/2013,0,7,0.853131,0.455703,231.23955,0.129309,2,0.087296,-9.936,1,0.034413,139.621,3,0.081251
12/28/2013,0,8,0.000362,0.83642,317.53601,0.413563,2,0.122944,-13.295,1,0.405226,139.998,4,0.203645
12/28/2013,0,9,0.380999,0.493025,212.55791,0.290061,4,0.296237,-18.892,0,0.046432,76.519,4,0.426887
12/28/2013,0,10,0.400499,0.706521,363.521,0.836554,7,0.772821,-2.734,1,0.316824,148.2,4,0.627796
12/21/2013,0,1,0.320161,0.520518,259.00803,0.252133,5,0.096628,-15.694,1,0.054549,119.75,4,0.179288
12/21/2013,0,2,0.285791,0.709491,255.87823,0.411295,8,0.072161,-8.257,1,0.03528,134.001,4,0.625919
12/21/2013,0,3,0.067378,0.78258,250.30621,0.706805,9,0.086758,-8.787,1,0.087757,110.025,4,0.589566
12/21/2013,0,4,0.180361,0.791806,190.18481,0.421895,7,0.122367,-9.567,1,0.106567,84.981,4,0.328322
12/21/2013,0,5,0.026808,0.586814,178.11955,0.972742,11,0.457417,-3.862,1,0.104483,129.963,4,0.757586
12/21/2013,0,6,0.019061,0.589336,259.58621,0.857334,9,0.446493,-6.017,1,0.078404,128.018,4,0.375928
12/21/2013,0,7,0.251195,0.595919,243.62331,0.594719,3,0.151991,-8.121,1,0.050365,121.111,4,0.287292
12/21/2013,0,8,0.022267,0.785359,295.34621,0.804214,2,0.11504,-5.235,1,0.06186,127.943,4,0.781185
12/21/2013,0,9,0.000362,0.83642,317.53601,0.413563,2,0.122944,-13.295,1,0.405226,139.998,4,0.203645
12/21/2013,0,10,0.380999,0.493025,212.55791,0.290061,4,0.296237,-18.892,0,0.046432,76.519,4,0.426887
12/14/2013,0,1,0.320161,0.520518,259.00803,0.252133,5,0.096628,-15.694,1,0.054549,119.75,4,0.179288
12/14/2013,0,2,0.208737,0.381277,254.95156,0.465594,3,0.051751,-9.658,0,0.049688,142.949,4,0.336058
12/14/2013,0,3,0.180361,0.791806,190.18481,0.421895,7,0.122367,-9.567,1,0.106567,84.981,4,0.328322
12/14/2013,0,4,0.067378,0.78258,250.30621,0.706805,9,0.086758,-8.787,1,0.087757,110.025,4,0.589566
12/14/2013,0,5,0.251195,0.595919,243.62331,0.594719,3,0.151991,-8.121,1,0.050365,121.111,4,0.287292
12/14/2013,0,6,0.000362,0.83642,317.53601,0.413563,2,0.122944,-13.295,1,0.405226,139.998,4,0.203645
12/14/2013,0,7,0.026808,0.586814,178.11955,0.972742,11,0.457417,-3.862,1,0.104483,129.963,4,0.757586
12/14/2013,0,8,0.022267,0.785359,295.34621,0.804214,2,0.11504,-5.235,1,0.06186,127.943,4,0.781185
12/14/2013,0,9,0.090109,0.749624,239.33288,0.786797,10,0.14464,-9.644,1,0.184007,124.993,4,0.78315
12/14/2013,0,10,0.019061,0.589336,259.58621,0.857334,9,0.446493,-6.017,1,0.078404,128.018,4,0.375928
12/7/2013,0,1,0.320161,0.520518,259.00803,0.252133,5,0.096628,-15.694,1,0.054549,119.75,4,0.179288
12/7/2013,0,2,0.180361,0.791806,190.18481,0.421895,7,0.122367,-9.567,1,0.106567,84.981,4,0.328322
12/7/2013,0,3,0.067378,0.78258,250.30621,0.706805,9,0.086758,-8.787,1,0.087757,110.025,4,0.589566
12/7/2013,0,4,0.000362,0.83642,317.53601,0.413563,2,0.122944,-13.295,1,0.405226,139.998,4,0.203645
12/7/2013,0,5,0.090109,0.749624,239.33288,0.786797,10,0.14464,-9.644,1,0.184007,124.993,4,0.78315
12/7/2013,0,6,0.861655,0.333422,218.61832,0.271431,3,0.111481,-14.659,1,0.027875,82.497,4,0.289349
12/7/2013,0,7,0.022267,0.785359,295.34621,0.804214,2,0.11504,-5.235,1,0.06186,127.943,4,0.781185
12/7/2013,0,8,0.008305,0.273395,183.52757,0.871484,8,0.161717,-4.768,0,0.059755,95.037,3,0.436829
12/7/2013,0,9,0.019061,0.589336,259.58621,0.857334,9,0.446493,-6.017,1,0.078404,128.018,4,0.375928
12/7/2013,0,10,0.003433,0.525726,246.58621,0.798627,2,0.165894,-5.35,1,0.053204,124.043,4,0.605856
11/30/2013,0,1,0.320161,0.520518,259.00803,0.252133,5,0.096628,-15.694,1,0.054549,119.75,4,0.179288
11/30/2013,0,2,0.180361,0.791806,190.18481,0.421895,7,0.122367,-9.567,1,0.106567,84.981,4,0.328322
11/30/2013,0,3,0.067378,0.78258,250.30621,0.706805,9,0.086758,-8.787,1,0.087757,110.025,4,0.589566
11/30/2013,0,4,0.090109,0.749624,239.33288,0.786797,10,0.14464,-9.644,1,0.184007,124.993,4,0.78315
11/30/2013,0,5,0.63554,0.503512,289.41306,0.410612,3,0.103579,-7.783,0,0.02653,108.415,4,0.316594
11/30/2013,0,6,0.000362,0.83642,317.53601,0.413563,2,0.122944,-13.295,1,0.405226,139.998,4,0.203645
11/30/2013,0,7,0.022267,0.785359,295.34621,0.804214,2,0.11504,-5.235,1,0.06186,127.943,4,0.781185
11/30/2013,0,8,0.251195,0.595919,243.62331,0.594719,3,0.151991,-8.121,1,0.050365,121.111,4,0.287292
11/30/2013,0,9,0.003433,0.525726,246.58621,0.798627,2,0.165894,-5.35,1,0.053204,124.043,4,0.605856
11/30/2013,0,10,0.019061,0.589336,259.58621,0.857334,9,0.446493,-6.017,1,0.078404,128.018,4,0.375928
11/23/2013,0,1,0.673158,0.336955,221.57288,0.419594,3,0.084689,-6.503,1,0.034738,127.766,4,0.16023
11/23/2013,0,2,0.320161,0.520518,259.00803,0.252133,5,0.096628,-15.694,1,0.054549,119.75,4,0.179288
11/23/2013,0,3,0.180361,0.791806,190.18481,0.421895,7,0.122367,-9.567,1,0.106567,84.981,4,0.328322
11/23/2013,0,4,0.400499,0.706521,363.521,0.836554,7,0.772821,-2.734,1,0.316824,148.2,4,0.627796
11/23/2013,0,5,0.090109,0.749624,239.33288,0.786797,10,0.14464,-9.644,1,0.184007,124.993,4,0.78315
11/23/2013,0,6,0.251195,0.595919,243.62331,0.594719,3,0.151991,-8.121,1,0.050365,121.111,4,0.287292
11/23/2013,0,7,0.000362,0.83642,317.53601,0.413563,2,0.122944,-13.295,1,0.405226,139.998,4,0.203645
11/23/2013,0,8,0.067378,0.78258,250.30621,0.706805,9,0.086758,-8.787,1,0.087757,110.025,4,0.589566
11/23/2013,0,9,0.022267,0.785359,295.34621,0.804214,2,0.11504,-5.235,1,0.06186,127.943,4,0.781185
11/23/2013,0,10,0.003433,0.525726,246.58621,0.798627,2,0.165894,-5.35,1,0.053204,124.043,4,0.605856
11/16/2013,0,1,0.320161,0.520518,259.00803,0.252133,5,0.096628,-15.694,1,0.054549,119.75,4,0.179288
11/16/2013,0,2,0.180361,0.791806,190.18481,0.421895,7,0.122367,-9.567,1,0.106567,84.981,4,0.328322
11/16/2013,0,3,0.090109,0.749624,239.33288,0.786797,10,0.14464,-9.644,1,0.184007,124.993,4,0.78315
11/16/2013,0,4,0.000362,0.83642,317.53601,0.413563,2,0.122944,-13.295,1,0.405226,139.998,4,0.203645
11/16/2013,0,5,0.022267,0.785359,295.34621,0.804214,2,0.11504,-5.235,1,0.06186,127.943,4,0.781185
11/16/2013,0,6,0.003433,0.525726,246.58621,0.798627,2,0.165894,-5.35,1,0.053204,124.043,4,0.605856
11/16/2013,0,7,0.003177,0.652719,229.89537,0.559092,6,0.577815,-8.568,0,0.099402,101.814,4,0.33541
11/16/2013,0,8,0.160145,0.76739,235.57288,0.495066,10,0.160852,-7.261,0,0.078891,85.512,4,0.69913
11/16/2013,0,9,0.013179,0.607524,224.95156,0.593756,1,0.323299,-7.257,0,0.037349,80.005,4,0.55509
11/16/2013,0,10,0.451321,0.822758,238.45288,0.457582,1,0.100133,-9.672,1,0.061858,119.066,4,0.275324
11/9/2013,0,1,0.320161,0.520518,259.00803,0.252133,5,0.096628,-15.694,1,0.054549,119.75,4,0.179288
11/9/2013,0,2,0.180361,0.791806,190.18481,0.421895,7,0.122367,-9.567,1,0.106567,84.981,4,0.328322
11/9/2013,0,3,0.090109,0.749624,239.33288,0.786797,10,0.14464,-9.644,1,0.184007,124.993,4,0.78315
11/9/2013,0,4,0.121174,0.704527,213.70621,0.862768,6,0.126155,-4.313,1,0.046319,128.005,4,0.506017
11/9/2013,0,5,0.000362,0.83642,317.53601,0.413563,2,0.122944,-13.295,1,0.405226,139.998,4,0.203645
11/9/2013,0,6,0.022267,0.785359,295.34621,0.804214,2,0.11504,-5.235,1,0.06186,127.943,4,0.781185
11/9/2013,0,7,0.003433,0.525726,246.58621,0.798627,2,0.165894,-5.35,1,0.053204,124.043,4,0.605856
11/9/2013,0,8,0.003177,0.652719,229.89537,0.559092,6,0.577815,-8.568,0,0.099402,101.814,4,0.33541
11/9/2013,0,9,0.160145,0.76739,235.57288,0.495066,10,0.160852,-7.261,0,0.078891,85.512,4,0.69913
11/9/2013,0,10,0.013179,0.607524,224.95156,0.593756,1,0.323299,-7.257,0,0.037349,80.005,4,0.55509
11/2/2013,0,1,0.121174,0.704527,213.70621,0.862768,6,0.126155,-4.313,1,0.046319,128.005,4,0.506017
11/2/2013,0,2,0.320161,0.520518,259.00803,0.252133,5,0.096628,-15.694,1,0.054549,119.75,4,0.179288
11/2/2013,0,3,0.180361,0.791806,190.18481,0.421895,7,0.122367,-9.567,1,0.106567,84.981,4,0.328322
11/2/2013,0,4,0.090109,0.749624,239.33288,0.786797,10,0.14464,-9.644,1,0.184007,124.993,4,0.78315
11/2/2013,0,5,0.006408,0.633742,200.04635,0.702245,10,0.237243,-8.847,1,0.050525,129.006,4,0.756927
11/2/2013,0,6,0.003177,0.652719,229.89537,0.559092,6,0.577815,-8.568,0,0.099402,101.814,4,0.33541
11/2/2013,0,7,0.000362,0.83642,317.53601,0.413563,2,0.122944,-13.295,1,0.405226,139.998,4,0.203645
11/2/2013,0,8,0.022267,0.785359,295.34621,0.804214,2,0.11504,-5.235,1,0.06186,127.943,4,0.781185
11/2/2013,0,9,0.003433,0.525726,246.58621,0.798627,2,0.165894,-5.35,1,0.053204,124.043,4,0.605856
11/2/2013,0,10,0.013179,0.607524,224.95156,0.593756,1,0.323299,-7.257,0,0.037349,80.005,4,0.55509
10/26/2013,1,1,0.320161,0.520518,259.00803,0.252133,5,0.096628,-15.694,1,0.054549,119.75,4,0.179288
10/26/2013,1,2,0.121174,0.704527,213.70621,0.862768,6,0.126155,-4.313,1,0.046319,128.005,4,0.506017
10/26/2013,1,3,0.180361,0.791806,190.18481,0.421895,7,0.122367,-9.567,1,0.106567,84.981,4,0.328322
10/26/2013,1,4,0.090109,0.749624,239.33288,0.786797,10,0.14464,-9.644,1,0.184007,124.993,4,0.78315
10/26/2013,1,5,0.003177,0.652719,229.89537,0.559092,6,0.577815,-8.568,0,0.099402,101.814,4,0.33541
10/26/2013,1,6,0.013179,0.607524,224.95156,0.593756,1,0.323299,-7.257,0,0.037349,80.005,4,0.55509
10/26/2013,1,7,0.000362,0.83642,317.53601,0.413563,2,0.122944,-13.295,1,0.405226,139.998,4,0.203645
10/26/2013,1,8,0.022267,0.785359,295.34621,0.804214,2,0.11504,-5.235,1,0.06186,127.943,4,0.781185
10/26/2013,1,9,0.003433,0.525726,246.58621,0.798627,2,0.165894,-5.35,1,0.053204,124.043,4,0.605856
10/26/2013,1,10,0.160145,0.76739,235.57288,0.495066,10,0.160852,-7.261,0,0.078891,85.512,4,0.69913
10/19/2013,1,1,0.121174,0.704527,213.70621,0.862768,6,0.126155,-4.313,1,0.046319,128.005,4,0.506017
10/19/2013,1,2,0.320161,0.520518,259.00803,0.252133,5,0.096628,-15.694,1,0.054549,119.75,4,0.179288
10/19/2013,1,3,0.180361,0.791806,190.18481,0.421895,7,0.122367,-9.567,1,0.106567,84.981,4,0.328322
10/19/2013,1,4,0.017773,0.851074,332.24957,0.672101,10,0.079744,-6.141,0,0.258512,92.79,4,0.319017
10/19/2013,1,5,0.090109,0.749624,239.33288,0.786797,10,0.14464,-9.644,1,0.184007,124.993,4,0.78315
10/19/2013,1,6,0.049239,0.775498,196.51197,0.281393,6,0.062852,-16.728,0,0.05903,134.006,4,0.359584
10/19/2013,1,7,0.003177,0.652719,229.89537,0.559092,6,0.577815,-8.568,0,0.099402,101.814,4,0.33541
10/19/2013,1,8,0.003433,0.525726,246.58621,0.798627,2,0.165894,-5.35,1,0.053204,124.043,4,0.605856
10/19/2013,1,9,0.022267,0.785359,295.34621,0.804214,2,0.11504,-5.235,1,0.06186,127.943,4,0.781185
10/19/2013,1,10,0.165745,0.636974,248.7317,0.793627,4,0.063121,-6.659,1,0.193121,127.958,4,0.869001
10/12/2013,1,1,0.320161,0.520518,259.00803,0.252133,5,0.096628,-15.694,1,0.054549,119.75,4,0.179288
10/12/2013,1,2,0.121174,0.704527,213.70621,0.862768,6,0.126155,-4.313,1,0.046319,128.005,4,0.506017
10/12/2013,1,3,0.000362,0.83642,317.53601,0.413563,2,0.122944,-13.295,1,0.405226,139.998,4,0.203645
10/12/2013,1,4,0.090109,0.749624,239.33288,0.786797,10,0.14464,-9.644,1,0.184007,124.993,4,0.78315
10/12/2013,1,5,0.180361,0.791806,190.18481,0.421895,7,0.122367,-9.567,1,0.106567,84.981,4,0.328322
10/12/2013,1,6,0.003177,0.652719,229.89537,0.559092,6,0.577815,-8.568,0,0.099402,101.814,4,0.33541
10/12/2013,1,7,0.003433,0.525726,246.58621,0.798627,2,0.165894,-5.35,1,0.053204,124.043,4,0.605856
10/12/2013,1,8,0.022267,0.785359,295.34621,0.804214,2,0.11504,-5.235,1,0.06186,127.943,4,0.781185
10/12/2013,1,9,0.013179,0.607524,224.95156,0.593756,1,0.323299,-7.257,0,0.037349,80.005,4,0.55509
10/12/2013,1,10,0.204546,0.655806,314.20757,0.382189,2,0.082861,-16.011,0,0.158719,144.945,4,0.148007
10/5/2013,1,1,0.320161,0.520518,259.00803,0.252133,5,0.096628,-15.694,1,0.054549,119.75,4,0.179288
10/5/2013,1,2,0.090109,0.749624,239.33288,0.786797,10,0.14464,-9.644,1,0.184007,124.993,4,0.78315
10/5/2013,1,3,0.121174,0.704527,213.70621,0.862768,6,0.126155,-4.313,1,0.046319,128.005,4,0.506017
10/5/2013,1,4,0.180361,0.791806,190.18481,0.421895,7,0.122367,-9.567,1,0.106567,84.981,4,0.328322
10/5/2013,1,5,0.003433,0.525726,246.58621,0.798627,2,0.165894,-5.35,1,0.053204,124.043,4,0.605856
10/5/2013,1,6,0.022267,0.785359,295.34621,0.804214,2,0.11504,-5.235,1,0.06186,127.943,4,0.781185
10/5/2013,1,7,0.013179,0.607524,224.95156,0.593756,1,0.323299,-7.257,0,0.037349,80.005,4,0.55509
10/5/2013,1,8,0.007288,0.850779,224.07791,0.587592,2,0.059692,-6.873,1,0.04401,119.982,4,0.823868
10/5/2013,1,9,0.204546,0.655806,314.20757,0.382189,2,0.082861,-16.011,0,0.158719,144.945,4,0.148007
10/5/2013,1,10,0.028213,0.663457,215.63955,0.576824,7,0.080018,-10.723,0,0.054303,139.936,4,0.748553
9/28/2013,1,1,0.320161,0.520518,259.00803,0.252133,5,0.096628,-15.694,1,0.054549,119.75,4,0.179288
9/28/2013,1,2,0.090109,0.749624,239.33288,0.786797,10,0.14464,-9.644,1,0.184007,124.993,4,0.78315
9/28/2013,1,3,0.121174,0.704527,213.70621,0.862768,6,0.126155,-4.313,1,0.046319,128.005,4,0.506017
9/28/2013,1,4,0.025097,0.697033,265.96757,0.747494,6,0.066941,-10.51,0,0.416289,95.004,4,0.513436
9/28/2013,1,5,0.013179,0.607524,224.95156,0.593756,1,0.323299,-7.257,0,0.037349,80.005,4,0.55509
9/28/2013,1,6,0.180361,0.791806,190.18481,0.421895,7,0.122367,-9.567,1,0.106567,84.981,4,0.328322
9/28/2013,1,7,0.022267,0.785359,295.34621,0.804214,2,0.11504,-5.235,1,0.06186,127.943,4,0.781185
9/28/2013,1,8,0.003433,0.525726,246.58621,0.798627,2,0.165894,-5.35,1,0.053204,124.043,4,0.605856
9/28/2013,1,9,0.007288,0.850779,224.07791,0.587592,2,0.059692,-6.873,1,0.04401,119.982,4,0.823868
9/28/2013,1,10,0.028213,0.663457,215.63955,0.576824,7,0.080018,-10.723,0,0.054303,139.936,4,0.748553
9/21/2013,1,1,0.090109,0.749624,239.33288,0.786797,10,0.14464,-9.644,1,0.184007,124.993,4,0.78315
9/21/2013,1,2,0.022267,0.785359,295.34621,0.804214,2,0.11504,-5.235,1,0.06186,127.943,4,0.781185
9/21/2013,1,3,0.121174,0.704527,213.70621,0.862768,6,0.126155,-4.313,1,0.046319,128.005,4,0.506017
9/21/2013,1,4,0.007288,0.850779,224.07791,0.587592,2,0.059692,-6.873,1,0.04401,119.982,4,0.823868
9/21/2013,1,5,0.013179,0.607524,224.95156,0.593756,1,0.323299,-7.257,0,0.037349,80.005,4,0.55509
9/21/2013,1,6,0.204546,0.655806,314.20757,0.382189,2,0.082861,-16.011,0,0.158719,144.945,4,0.148007
9/21/2013,1,7,0.003433,0.525726,246.58621,0.798627,2,0.165894,-5.35,1,0.053204,124.043,4,0.605856
9/21/2013,1,8,0.180361,0.791806,190.18481,0.421895,7,0.122367,-9.567,1,0.106567,84.981,4,0.328322
9/21/2013,1,9,0.018715,0.65045,200.10912,0.872312,1,0.076817,-3.053,1,0.046099,118.506,4,0.508349
9/21/2013,1,10,0.135614,0.405363,259.60444,0.372403,6,0.064578,-16.847,1,0.030165,142.605,4,0.503393
9/14/2013,1,1,0.013179,0.607524,224.95156,0.593756,1,0.323299,-7.257,0,0.037349,80.005,4,0.55509
9/14/2013,1,2,0.007288,0.850779,224.07791,0.587592,2,0.059692,-6.873,1,0.04401,119.982,4,0.823868
9/14/2013,1,3,0.090109,0.749624,239.33288,0.786797,10,0.14464,-9.644,1,0.184007,124.993,4,0.78315
9/14/2013,1,4,0.022267,0.785359,295.34621,0.804214,2,0.11504,-5.235,1,0.06186,127.943,4,0.781185
9/14/2013,1,5,0.204546,0.655806,314.20757,0.382189,2,0.082861,-16.011,0,0.158719,144.945,4,0.148007
9/14/2013,1,6,0.028213,0.663457,215.63955,0.576824,7,0.080018,-10.723,0,0.054303,139.936,4,0.748553
9/14/2013,1,7,0.018715,0.65045,200.10912,0.872312,1,0.076817,-3.053,1,0.046099,118.506,4,0.508349
9/14/2013,1,8,0.003433,0.525726,246.58621,0.798627,2,0.165894,-5.35,1,0.053204,124.043,4,0.605856
9/14/2013,1,9,0.135614,0.405363,259.60444,0.372403,6,0.064578,-16.847,1,0.030165,142.605,4,0.503393
9/14/2013,1,10,0.013319,0.782654,339.08571,0.665499,1,0.250314,-9.65,0,0.037605,119.995,4,0.702001
9/7/2013,1,1,0.013179,0.607524,224.95156,0.593756,1,0.323299,-7.257,0,0.037349,80.005,4,0.55509
9/7/2013,1,2,0.007288,0.850779,224.07791,0.587592,2,0.059692,-6.873,1,0.04401,119.982,4,0.823868
9/7/2013,1,3,0.028213,0.663457,215.63955,0.576824,7,0.080018,-10.723,0,0.054303,139.936,4,0.748553
9/7/2013,1,4,0.022267,0.785359,295.34621,0.804214,2,0.11504,-5.235,1,0.06186,127.943,4,0.781185
9/7/2013,1,5,0.090109,0.749624,239.33288,0.786797,10,0.14464,-9.644,1,0.184007,124.993,4,0.78315
9/7/2013,1,6,0.135614,0.405363,259.60444,0.372403,6,0.064578,-16.847,1,0.030165,142.605,4,0.503393
9/7/2013,1,7,0.018715,0.65045,200.10912,0.872312,1,0.076817,-3.053,1,0.046099,118.506,4,0.508349
9/7/2013,1,8,0.003433,0.525726,246.58621,0.798627,2,0.165894,-5.35,1,0.053204,124.043,4,0.605856
9/7/2013,1,9,0.040025,0.810922,369.59156,0.794256,6,0.058596,-9.485,0,0.040223,116.048,4,0.865079
9/7/2013,1,10,0.068941,0.590504,261.82354,0.261119,5,0.365621,-22.908,1,0.444746,129.996,4,0.547009
8/31/2013,1,1,0.013179,0.607524,224.95156,0.593756,1,0.323299,-7.257,0,0.037349,80.005,4,0.55509
8/31/2013,1,2,0.007288,0.850779,224.07791,0.587592,2,0.059692,-6.873,1,0.04401,119.982,4,0.823868
8/31/2013,1,3,0.022267,0.785359,295.34621,0.804214,2,0.11504,-5.235,1,0.06186,127.943,4,0.781185
8/31/2013,1,4,0.090109,0.749624,239.33288,0.786797,10,0.14464,-9.644,1,0.184007,124.993,4,0.78315
8/31/2013,1,5,0.135614,0.405363,259.60444,0.372403,6,0.064578,-16.847,1,0.030165,142.605,4,0.503393
8/31/2013,1,6,0.018715,0.65045,200.10912,0.872312,1,0.076817,-3.053,1,0.046099,118.506,4,0.508349
8/31/2013,1,7,0.040025,0.810922,369.59156,0.794256,6,0.058596,-9.485,0,0.040223,116.048,4,0.865079
8/31/2013,1,8,0.003433,0.525726,246.58621,0.798627,2,0.165894,-5.35,1,0.053204,124.043,4,0.605856
8/31/2013,1,9,0.028213,0.663457,215.63955,0.576824,7,0.080018,-10.723,0,0.054303,139.936,4,0.748553
8/31/2013,1,10,0.068941,0.590504,261.82354,0.261119,5,0.365621,-22.908,1,0.444746,129.996,4,0.547009
8/24/2013,1,1,0.013179,0.607524,224.95156,0.593756,1,0.323299,-7.257,0,0.037349,80.005,4,0.55509
8/24/2013,1,2,0.007288,0.850779,224.07791,0.587592,2,0.059692,-6.873,1,0.04401,119.982,4,0.823868
8/24/2013,1,3,0.022267,0.785359,295.34621,0.804214,2,0.11504,-5.235,1,0.06186,127.943,4,0.781185
8/24/2013,1,4,0.040025,0.810922,369.59156,0.794256,6,0.058596,-9.485,0,0.040223,116.048,4,0.865079
8/24/2013,1,5,0.135614,0.405363,259.60444,0.372403,6,0.064578,-16.847,1,0.030165,142.605,4,0.503393
8/24/2013,1,6,0.018715,0.65045,200.10912,0.872312,1,0.076817,-3.053,1,0.046099,118.506,4,0.508349
8/24/2013,1,7,0.068941,0.590504,261.82354,0.261119,5,0.365621,-22.908,1,0.444746,129.996,4,0.547009
8/24/2013,1,8,0.204546,0.655806,314.20757,0.382189,2,0.082861,-16.011,0,0.158719,144.945,4,0.148007
8/24/2013,1,9,0.06438,0.748006,238.10621,0.532827,6,0.048528,-7.262,0,0.305468,94.894,4,0.681107
8/24/2013,1,10,0.003433,0.525726,246.58621,0.798627,2,0.165894,-5.35,1,0.053204,124.043,4,0.605856
8/17/2013,1,1,0.013179,0.607524,224.95156,0.593756,1,0.323299,-7.257,0,0.037349,80.005,4,0.55509
8/17/2013,1,2,0.007288,0.850779,224.07791,0.587592,2,0.059692,-6.873,1,0.04401,119.982,4,0.823868
8/17/2013,1,3,0.022267,0.785359,295.34621,0.804214,2,0.11504,-5.235,1,0.06186,127.943,4,0.781185
8/17/2013,1,4,0.018715,0.65045,200.10912,0.872312,1,0.076817,-3.053,1,0.046099,118.506,4,0.508349
8/17/2013,1,5,0.135614,0.405363,259.60444,0.372403,6,0.064578,-16.847,1,0.030165,142.605,4,0.503393
8/17/2013,1,6,0.040025,0.810922,369.59156,0.794256,6,0.058596,-9.485,0,0.040223,116.048,4,0.865079
8/17/2013,1,7,0.068941,0.590504,261.82354,0.261119,5,0.365621,-22.908,1,0.444746,129.996,4,0.547009
8/17/2013,1,8,0.316136,0.717416,227.02621,0.869106,5,0.087235,-3.739,0,0.084379,82.536,4,0.859994
8/17/2013,1,9,0.027561,0.63424,258.98621,0.915036,2,0.101503,-5.086,1,0.087204,146.066,4,0.863426
8/17/2013,1,10,0.204546,0.655806,314.20757,0.382189,2,0.082861,-16.011,0,0.158719,144.945,4,0.148007
8/10/2013,1,1,0.013179,0.607524,224.95156,0.593756,1,0.323299,-7.257,0,0.037349,80.005,4,0.55509
8/10/2013,1,2,0.018715,0.65045,200.10912,0.872312,1,0.076817,-3.053,1,0.046099,118.506,4,0.508349
8/10/2013,1,3,0.007288,0.850779,224.07791,0.587592,2,0.059692,-6.873,1,0.04401,119.982,4,0.823868
8/10/2013,1,4,0.022267,0.785359,295.34621,0.804214,2,0.11504,-5.235,1,0.06186,127.943,4,0.781185
8/10/2013,1,5,0.135614,0.405363,259.60444,0.372403,6,0.064578,-16.847,1,0.030165,142.605,4,0.503393
8/10/2013,1,6,0.50187,0.535707,262.91955,0.63683,8,0.78104,-4.564,0,0.26847,125.933,4,0.709221
8/10/2013,1,7,0.040025,0.810922,369.59156,0.794256,6,0.058596,-9.485,0,0.040223,116.048,4,0.865079
8/10/2013,1,8,0.316136,0.717416,227.02621,0.869106,5,0.087235,-3.739,0,0.084379,82.536,4,0.859994
8/10/2013,1,9,0.027561,0.63424,258.98621,0.915036,2,0.101503,-5.086,1,0.087204,146.066,4,0.863426
8/10/2013,1,10,0.204546,0.655806,314.20757,0.382189,2,0.082861,-16.011,0,0.158719,144.945,4,0.148007
8/3/2013,1,1,0.013179,0.607524,224.95156,0.593756,1,0.323299,-7.257,0,0.037349,80.005,4,0.55509
8/3/2013,1,2,0.007288,0.850779,224.07791,0.587592,2,0.059692,-6.873,1,0.04401,119.982,4,0.823868
8/3/2013,1,3,0.022267,0.785359,295.34621,0.804214,2,0.11504,-5.235,1,0.06186,127.943,4,0.781185
8/3/2013,1,4,0.50187,0.535707,262.91955,0.63683,8,0.78104,-4.564,0,0.26847,125.933,4,0.709221
8/3/2013,1,5,0.135614,0.405363,259.60444,0.372403,6,0.064578,-16.847,1,0.030165,142.605,4,0.503393
8/3/2013,1,6,0.040025,0.810922,369.59156,0.794256,6,0.058596,-9.485,0,0.040223,116.048,4,0.865079
8/3/2013,1,7,0.316136,0.717416,227.02621,0.869106,5,0.087235,-3.739,0,0.084379,82.536,4,0.859994
8/3/2013,1,8,0.204546,0.655806,314.20757,0.382189,2,0.082861,-16.011,0,0.158719,144.945,4,0.148007
8/3/2013,1,9,0.027561,0.63424,258.98621,0.915036,2,0.101503,-5.086,1,0.087204,146.066,4,0.863426
8/3/2013,1,10,0.068941,0.590504,261.82354,0.261119,5,0.365621,-22.908,1,0.444746,129.996,4,0.547009
7/27/2013,1,1,0.013179,0.607524,224.95156,0.593756,1,0.323299,-7.257,0,0.037349,80.005,4,0.55509
7/27/2013,1,2,0.007288,0.850779,224.07791,0.587592,2,0.059692,-6.873,1,0.04401,119.982,4,0.823868
7/27/2013,1,3,0.022267,0.785359,295.34621,0.804214,2,0.11504,-5.235,1,0.06186,127.943,4,0.781185
7/27/2013,1,4,0.135614,0.405363,259.60444,0.372403,6,0.064578,-16.847,1,0.030165,142.605,4,0.503393
7/27/2013,1,5,0.040025,0.810922,369.59156,0.794256,6,0.058596,-9.485,0,0.040223,116.048,4,0.865079
7/27/2013,1,6,0.50187,0.535707,262.91955,0.63683,8,0.78104,-4.564,0,0.26847,125.933,4,0.709221
7/27/2013,1,7,0.316136,0.717416,227.02621,0.869106,5,0.087235,-3.739,0,0.084379,82.536,4,0.859994
7/27/2013,1,8,0.027561,0.63424,258.98621,0.915036,2,0.101503,-5.086,1,0.087204,146.066,4,0.863426
7/27/2013,1,9,0.068941,0.590504,261.82354,0.261119,5,0.365621,-22.908,1,0.444746,129.996,4,0.547009
7/27/2013,1,10,0.021182,0.612092,228.62322,0.968039,11,0.323583,-3.057,0,0.122146,126.023,4,0.571664
7/20/2013,1,1,0.013179,0.607524,224.95156,0.593756,1,0.323299,-7.257,0,0.037349,80.005,4,0.55509
7/20/2013,1,2,0.022267,0.785359,295.34621,0.804214,2,0.11504,-5.235,1,0.06186,127.943,4,0.781185
7/20/2013,1,3,0.007288,0.850779,224.07791,0.587592,2,0.059692,-6.873,1,0.04401,119.982,4,0.823868
7/20/2013,1,4,0.040025,0.810922,369.59156,0.794256,6,0.058596,-9.485,0,0.040223,116.048,4,0.865079
7/20/2013,1,5,0.50187,0.535707,262.91955,0.63683,8,0.78104,-4.564,0,0.26847,125.933,4,0.709221
7/20/2013,1,6,0.135614,0.405363,259.60444,0.372403,6,0.064578,-16.847,1,0.030165,142.605,4,0.503393
7/20/2013,1,7,0.027561,0.63424,258.98621,0.915036,2,0.101503,-5.086,1,0.087204,146.066,4,0.863426
7/20/2013,1,8,0.212223,0.713477,241.63955,0.820007,7,0.467514,-4.134,1,0.274092,75.374,4,0.61799
7/20/2013,1,9,0.316136,0.717416,227.02621,0.869106,5,0.087235,-3.739,0,0.084379,82.536,4,0.859994
7/20/2013,1,10,0.021182,0.612092,228.62322,0.968039,11,0.323583,-3.057,0,0.122146,126.023,4,0.571664
7/13/2013,1,1,0.013179,0.607524,224.95156,0.593756,1,0.323299,-7.257,0,0.037349,80.005,4,0.55509
7/13/2013,1,2,0.022267,0.785359,295.34621,0.804214,2,0.11504,-5.235,1,0.06186,127.943,4,0.781185
7/13/2013,1,3,0.007288,0.850779,224.07791,0.587592,2,0.059692,-6.873,1,0.04401,119.982,4,0.823868
7/13/2013,1,4,0.040025,0.810922,369.59156,0.794256,6,0.058596,-9.485,0,0.040223,116.048,4,0.865079
7/13/2013,1,5,0.135614,0.405363,259.60444,0.372403,6,0.064578,-16.847,1,0.030165,142.605,4,0.503393
7/13/2013,1,6,0.316136,0.717416,227.02621,0.869106,5,0.087235,-3.739,0,0.084379,82.536,4,0.859994
7/13/2013,1,7,0.027561,0.63424,258.98621,0.915036,2,0.101503,-5.086,1,0.087204,146.066,4,0.863426
7/13/2013,1,8,0.50187,0.535707,262.91955,0.63683,8,0.78104,-4.564,0,0.26847,125.933,4,0.709221
7/13/2013,1,9,0.06438,0.748006,238.10621,0.532827,6,0.048528,-7.262,0,0.305468,94.894,4,0.681107
7/13/2013,1,10,0.020803,0.461328,208.95955,0.949314,10,0.065705,-3.376,1,0.036171,148.014,4,0.880673
7/6/2013,1,1,0.013179,0.607524,224.95156,0.593756,1,0.323299,-7.257,0,0.037349,80.005,4,0.55509
7/6/2013,1,2,0.022267,0.785359,295.34621,0.804214,2,0.11504,-5.235,1,0.06186,127.943,4,0.781185
7/6/2013,1,3,0.007288,0.850779,224.07791,0.587592,2,0.059692,-6.873,1,0.04401,119.982,4,0.823868
7/6/2013,1,4,0.040025,0.810922,369.59156,0.794256,6,0.058596,-9.485,0,0.040223,116.048,4,0.865079
7/6/2013,1,5,0.135614,0.405363,259.60444,0.372403,6,0.064578,-16.847,1,0.030165,142.605,4,0.503393
7/6/2013,1,6,0.316136,0.717416,227.02621,0.869106,5,0.087235,-3.739,0,0.084379,82.536,4,0.859994
7/6/2013,1,7,0.027561,0.63424,258.98621,0.915036,2,0.101503,-5.086,1,0.087204,146.066,4,0.863426
7/6/2013,1,8,0.50187,0.535707,262.91955,0.63683,8,0.78104,-4.564,0,0.26847,125.933,4,0.709221
7/6/2013,1,9,0.06438,0.748006,238.10621,0.532827,6,0.048528,-7.262,0,0.305468,94.894,4,0.681107
7/6/2013,1,10,0.020803,0.461328,208.95955,0.949314,10,0.065705,-3.376,1,0.036171,148.014,4,0.880673
6/29/2013,1,1,0.022267,0.785359,295.34621,0.804214,2,0.11504,-5.235,1,0.06186,127.943,4,0.781185
6/29/2013,1,2,0.040025,0.810922,369.59156,0.794256,6,0.058596,-9.485,0,0.040223,116.048,4,0.865079
6/29/2013,1,3,0.135614,0.405363,259.60444,0.372403,6,0.064578,-16.847,1,0.030165,142.605,4,0.503393
6/29/2013,1,4,0.027561,0.63424,258.98621,0.915036,2,0.101503,-5.086,1,0.087204,146.066,4,0.863426
6/29/2013,1,5,0.007288,0.850779,224.07791,0.587592,2,0.059692,-6.873,1,0.04401,119.982,4,0.823868
6/29/2013,1,6,0.316136,0.717416,227.02621,0.869106,5,0.087235,-3.739,0,0.084379,82.536,4,0.859994
6/29/2013,1,7,0.06438,0.748006,238.10621,0.532827,6,0.048528,-7.262,0,0.305468,94.894,4,0.681107
6/29/2013,1,8,0.50187,0.535707,262.91955,0.63683,8,0.78104,-4.564,0,0.26847,125.933,4,0.709221
6/29/2013,1,9,0.000819,0.263823,36.15955,0.740589,8,0.05259,-12.589,1,0.046066,80.3,4,0.32465
6/29/2013,1,10,0.020803,0.461328,208.95955,0.949314,10,0.065705,-3.376,1,0.036171,148.014,4,0.880673
6/22/2013,1,1,0.022267,0.785359,295.34621,0.804214,2,0.11504,-5.235,1,0.06186,127.943,4,0.781185
6/22/2013,1,2,0.040025,0.810922,369.59156,0.794256,6,0.058596,-9.485,0,0.040223,116.048,4,0.865079
6/22/2013,1,3,0.027561,0.63424,258.98621,0.915036,2,0.101503,-5.086,1,0.087204,146.066,4,0.863426
6/22/2013,1,4,0.135614,0.405363,259.60444,0.372403,6,0.064578,-16.847,1,0.030165,142.605,4,0.503393
6/22/2013,1,5,0.316136,0.717416,227.02621,0.869106,5,0.087235,-3.739,0,0.084379,82.536,4,0.859994
6/22/2013,1,6,0.000819,0.263823,36.15955,0.740589,8,0.05259,-12.589,1,0.046066,80.3,4,0.32465
6/22/2013,1,7,0.06438,0.748006,238.10621,0.532827,6,0.048528,-7.262,0,0.305468,94.894,4,0.681107
6/22/2013,1,8,0.007288,0.850779,224.07791,0.587592,2,0.059692,-6.873,1,0.04401,119.982,4,0.823868
6/22/2013,1,9,0.020803,0.461328,208.95955,0.949314,10,0.065705,-3.376,1,0.036171,148.014,4,0.880673
6/22/2013,1,10,0.50187,0.535707,262.91955,0.63683,8,0.78104,-4.564,0,0.26847,125.933,4,0.709221
6/15/2013,1,1,0.022267,0.785359,295.34621,0.804214,2,0.11504,-5.235,1,0.06186,127.943,4,0.781185
6/15/2013,1,2,0.040025,0.810922,369.59156,0.794256,6,0.058596,-9.485,0,0.040223,116.048,4,0.865079
6/15/2013,1,3,0.027561,0.63424,258.98621,0.915036,2,0.101503,-5.086,1,0.087204,146.066,4,0.863426
6/15/2013,1,4,0.06438,0.748006,238.10621,0.532827,6,0.048528,-7.262,0,0.305468,94.894,4,0.681107
6/15/2013,1,5,0.50187,0.535707,262.91955,0.63683,8,0.78104,-4.564,0,0.26847,125.933,4,0.709221
6/15/2013,1,6,0.135614,0.405363,259.60444,0.372403,6,0.064578,-16.847,1,0.030165,142.605,4,0.503393
6/15/2013,1,7,0.316136,0.717416,227.02621,0.869106,5,0.087235,-3.739,0,0.084379,82.536,4,0.859994
6/15/2013,1,8,0.935448,0.605382,213.54621,0.250015,0,0.078788,-10.267,1,0.047495,72.92,4,0.414715
6/15/2013,1,9,0.010643,0.565938,196.66385,0.7884,9,0.421017,-5.233,1,0.046742,139.812,4,0.326662
6/15/2013,1,10,0.009288,0.877904,194.19955,0.654785,0,0.054791,-6.285,1,0.14286,125.982,4,0.612038
6/8/2013,1,1,0.022267,0.785359,295.34621,0.804214,2,0.11504,-5.235,1,0.06186,127.943,4,0.781185
6/8/2013,1,2,0.027561,0.63424,258.98621,0.915036,2,0.101503,-5.086,1,0.087204,146.066,4,0.863426
6/8/2013,1,3,0.040025,0.810922,369.59156,0.794256,6,0.058596,-9.485,0,0.040223,116.048,4,0.865079
6/8/2013,1,4,0.06438,0.748006,238.10621,0.532827,6,0.048528,-7.262,0,0.305468,94.894,4,0.681107
6/8/2013,1,5,0.935448,0.605382,213.54621,0.250015,0,0.078788,-10.267,1,0.047495,72.92,4,0.414715
6/8/2013,1,6,0.135614,0.405363,259.60444,0.372403,6,0.064578,-16.847,1,0.030165,142.605,4,0.503393
6/8/2013,1,7,0.50187,0.535707,262.91955,0.63683,8,0.78104,-4.564,0,0.26847,125.933,4,0.709221
6/8/2013,1,8,0.316136,0.717416,227.02621,0.869106,5,0.087235,-3.739,0,0.084379,82.536,4,0.859994
6/8/2013,1,9,0.000819,0.263823,36.15955,0.740589,8,0.05259,-12.589,1,0.046066,80.3,4,0.32465
6/8/2013,1,10,0.138706,0.439529,277.59959,0.580923,8,0.397713,-6.306,1,0.06773,74.703,4,0.626133
6/1/2013,1,1,0.022267,0.785359,295.34621,0.804214,2,0.11504,-5.235,1,0.06186,127.943,4,0.781185
6/1/2013,1,2,0.027561,0.63424,258.98621,0.915036,2,0.101503,-5.086,1,0.087204,146.066,4,0.863426
6/1/2013,1,3,0.06438,0.748006,238.10621,0.532827,6,0.048528,-7.262,0,0.305468,94.894,4,0.681107
6/1/2013,1,4,0.935448,0.605382,213.54621,0.250015,0,0.078788,-10.267,1,0.047495,72.92,4,0.414715
6/1/2013,1,5,0.040025,0.810922,369.59156,0.794256,6,0.058596,-9.485,0,0.040223,116.048,4,0.865079
6/1/2013,1,6,0.135614,0.405363,259.60444,0.372403,6,0.064578,-16.847,1,0.030165,142.605,4,0.503393
6/1/2013,1,7,0.000819,0.263823,36.15955,0.740589,8,0.05259,-12.589,1,0.046066,80.3,4,0.32465
6/1/2013,1,8,0.138706,0.439529,277.59959,0.580923,8,0.397713,-6.306,1,0.06773,74.703,4,0.626133
6/1/2013,1,9,0.460637,0.773638,243.27501,0.581943,2,0.123899,-6.723,1,0.047593,95.047,4,0.446299
6/1/2013,1,10,0.316136,0.717416,227.02621,0.869106,5,0.087235,-3.739,0,0.084379,82.536,4,0.859994
5/25/2013,1,1,0.022267,0.785359,295.34621,0.804214,2,0.11504,-5.235,1,0.06186,127.943,4,0.781185
5/25/2013,1,2,0.06438,0.748006,238.10621,0.532827,6,0.048528,-7.262,0,0.305468,94.894,4,0.681107
5/25/2013,1,3,0.027561,0.63424,258.98621,0.915036,2,0.101503,-5.086,1,0.087204,146.066,4,0.863426
5/25/2013,1,4,0.000819,0.263823,36.15955,0.740589,8,0.05259,-12.589,1,0.046066,80.3,4,0.32465
5/25/2013,1,5,0.935448,0.605382,213.54621,0.250015,0,0.078788,-10.267,1,0.047495,72.92,4,0.414715
5/25/2013,1,6,0.135614,0.405363,259.60444,0.372403,6,0.064578,-16.847,1,0.030165,142.605,4,0.503393
5/25/2013,1,7,0.460637,0.773638,243.27501,0.581943,2,0.123899,-6.723,1,0.047593,95.047,4,0.446299
5/25/2013,1,8,0.009288,0.877904,194.19955,0.654785,0,0.054791,-6.285,1,0.14286,125.982,4,0.612038
5/25/2013,1,9,0.010643,0.565938,196.66385,0.7884,9,0.421017,-5.233,1,0.046742,139.812,4,0.326662
5/25/2013,1,10,0.138706,0.439529,277.59959,0.580923,8,0.397713,-6.306,1,0.06773,74.703,4,0.626133
5/18/2013,1,1,0.06438,0.748006,238.10621,0.532827,6,0.048528,-7.262,0,0.305468,94.894,4,0.681107
5/18/2013,1,2,0.027561,0.63424,258.98621,0.915036,2,0.101503,-5.086,1,0.087204,146.066,4,0.863426
5/18/2013,1,3,0.022267,0.785359,295.34621,0.804214,2,0.11504,-5.235,1,0.06186,127.943,4,0.781185
5/18/2013,1,4,0.010643,0.565938,196.66385,0.7884,9,0.421017,-5.233,1,0.046742,139.812,4,0.326662
5/18/2013,1,5,0.009288,0.877904,194.19955,0.654785,0,0.054791,-6.285,1,0.14286,125.982,4,0.612038
5/18/2013,1,6,0.460637,0.773638,243.27501,0.581943,2,0.123899,-6.723,1,0.047593,95.047,4,0.446299
5/18/2013,1,7,0.935448,0.605382,213.54621,0.250015,0,0.078788,-10.267,1,0.047495,72.92,4,0.414715
5/18/2013,1,8,0.135614,0.405363,259.60444,0.372403,6,0.064578,-16.847,1,0.030165,142.605,4,0.503393
5/18/2013,1,9,0.034853,0.79334,174.14621,0.509224,8,0.237566,-7.852,1,0.148757,86.313,4,0.516824
5/18/2013,1,10,0.040025,0.810922,369.59156,0.794256,6,0.058596,-9.485,0,0.040223,116.048,4,0.865079
5/11/2013,1,1,0.06438,0.748006,238.10621,0.532827,6,0.048528,-7.262,0,0.305468,94.894,4,0.681107
5/11/2013,1,2,0.027561,0.63424,258.98621,0.915036,2,0.101503,-5.086,1,0.087204,146.066,4,0.863426
5/11/2013,1,3,0.022267,0.785359,295.34621,0.804214,2,0.11504,-5.235,1,0.06186,127.943,4,0.781185
5/11/2013,1,4,0.010643,0.565938,196.66385,0.7884,9,0.421017,-5.233,1,0.046742,139.812,4,0.326662
5/11/2013,1,5,0.460637,0.773638,243.27501,0.581943,2,0.123899,-6.723,1,0.047593,95.047,4,0.446299
5/11/2013,1,6,0.009288,0.877904,194.19955,0.654785,0,0.054791,-6.285,1,0.14286,125.982,4,0.612038
5/11/2013,1,7,0.040025,0.810922,369.59156,0.794256,6,0.058596,-9.485,0,0.040223,116.048,4,0.865079
5/11/2013,1,8,0.935448,0.605382,213.54621,0.250015,0,0.078788,-10.267,1,0.047495,72.92,4,0.414715
5/11/2013,1,9,0.138706,0.439529,277.59959,0.580923,8,0.397713,-6.306,1,0.06773,74.703,4,0.626133
5/11/2013,1,10,0.021182,0.612092,228.62322,0.968039,11,0.323583,-3.057,0,0.122146,126.023,4,0.571664
5/4/2013,1,1,0.009288,0.877904,194.19955,0.654785,0,0.054791,-6.285,1,0.14286,125.982,4,0.612038
5/4/2013,1,2,0.06438,0.748006,238.10621,0.532827,6,0.048528,-7.262,0,0.305468,94.894,4,0.681107
5/4/2013,1,3,0.022267,0.785359,295.34621,0.804214,2,0.11504,-5.235,1,0.06186,127.943,4,0.781185
5/4/2013,1,4,0.010643,0.565938,196.66385,0.7884,9,0.421017,-5.233,1,0.046742,139.812,4,0.326662
5/4/2013,1,5,0.027561,0.63424,258.98621,0.915036,2,0.101503,-5.086,1,0.087204,146.066,4,0.863426
5/4/2013,1,6,0.460637,0.773638,243.27501,0.581943,2,0.123899,-6.723,1,0.047593,95.047,4,0.446299
5/4/2013,1,7,0.935448,0.605382,213.54621,0.250015,0,0.078788,-10.267,1,0.047495,72.92,4,0.414715
5/4/2013,1,8,0.034853,0.79334,174.14621,0.509224,8,0.237566,-7.852,1,0.148757,86.313,4,0.516824
5/4/2013,1,9,0.138706,0.439529,277.59959,0.580923,8,0.397713,-6.306,1,0.06773,74.703,4,0.626133
5/4/2013,1,10,0.135614,0.405363,259.60444,0.372403,6,0.064578,-16.847,1,0.030165,142.605,4,0.503393
4/27/2013,0,1,0.009288,0.877904,194.19955,0.654785,0,0.054791,-6.285,1,0.14286,125.982,4,0.612038
4/27/2013,0,2,0.06438,0.748006,238.10621,0.532827,6,0.048528,-7.262,0,0.305468,94.894,4,0.681107
4/27/2013,0,3,0.010643,0.565938,196.66385,0.7884,9,0.421017,-5.233,1,0.046742,139.812,4,0.326662
4/27/2013,0,4,0.935448,0.605382,213.54621,0.250015,0,0.078788,-10.267,1,0.047495,72.92,4,0.414715
4/27/2013,0,5,0.460637,0.773638,243.27501,0.581943,2,0.123899,-6.723,1,0.047593,95.047,4,0.446299
4/27/2013,0,6,0.034853,0.79334,174.14621,0.509224,8,0.237566,-7.852,1,0.148757,86.313,4,0.516824
4/27/2013,0,7,0.005823,0.674568,266.30404,0.442083,11,0.099912,-13.097,1,0.041333,124.967,4,0.454904
4/27/2013,0,8,0.135614,0.405363,259.60444,0.372403,6,0.064578,-16.847,1,0.030165,142.605,4,0.503393
4/27/2013,0,9,0.000201,0.613379,188.682,0.734513,8,0.20924,-7.296,1,0.046575,118.982,4,0.515892
4/27/2013,0,10,0.138706,0.439529,277.59959,0.580923,8,0.397713,-6.306,1,0.06773,74.703,4,0.626133
4/20/2013,0,1,0.010643,0.565938,196.66385,0.7884,9,0.421017,-5.233,1,0.046742,139.812,4,0.326662
4/20/2013,0,2,0.06438,0.748006,238.10621,0.532827,6,0.048528,-7.262,0,0.305468,94.894,4,0.681107
4/20/2013,0,3,0.935448,0.605382,213.54621,0.250015,0,0.078788,-10.267,1,0.047495,72.92,4,0.414715
4/20/2013,0,4,0.034853,0.79334,174.14621,0.509224,8,0.237566,-7.852,1,0.148757,86.313,4,0.516824
4/20/2013,0,5,0.005823,0.674568,266.30404,0.442083,11,0.099912,-13.097,1,0.041333,124.967,4,0.454904
4/20/2013,0,6,0.460637,0.773638,243.27501,0.581943,2,0.123899,-6.723,1,0.047593,95.047,4,0.446299
4/20/2013,0,7,0.135614,0.405363,259.60444,0.372403,6,0.064578,-16.847,1,0.030165,142.605,4,0.503393
4/20/2013,0,8,0.085264,0.788319,267.91138,0.607652,11,0.103641,-5.146,0,0.181899,102.006,4,0.395646
4/20/2013,0,9,0.138706,0.439529,277.59959,0.580923,8,0.397713,-6.306,1,0.06773,74.703,4,0.626133
4/20/2013,0,10,0.316136,0.717416,227.02621,0.869106,5,0.087235,-3.739,0,0.084379,82.536,4,0.859994
4/13/2013,0,1,0.010643,0.565938,196.66385,0.7884,9,0.421017,-5.233,1,0.046742,139.812,4,0.326662
4/13/2013,0,2,0.06438,0.748006,238.10621,0.532827,6,0.048528,-7.262,0,0.305468,94.894,4,0.681107
4/13/2013,0,3,0.034853,0.79334,174.14621,0.509224,8,0.237566,-7.852,1,0.148757,86.313,4,0.516824
4/13/2013,0,4,0.005823,0.674568,266.30404,0.442083,11,0.099912,-13.097,1,0.041333,124.967,4,0.454904
4/13/2013,0,5,0.935448,0.605382,213.54621,0.250015,0,0.078788,-10.267,1,0.047495,72.92,4,0.414715
4/13/2013,0,6,0.135614,0.405363,259.60444,0.372403,6,0.064578,-16.847,1,0.030165,142.605,4,0.503393
4/13/2013,0,7,0.085264,0.788319,267.91138,0.607652,11,0.103641,-5.146,0,0.181899,102.006,4,0.395646
4/13/2013,0,8,0.138706,0.439529,277.59959,0.580923,8,0.397713,-6.306,1,0.06773,74.703,4,0.626133
4/13/2013,0,9,0.947981,0.629303,249,0.195439,9,0.155551,-16.8,0,0.03036,111.892,4,0.114113
4/13/2013,0,10,0.460637,0.773638,243.27501,0.581943,2,0.123899,-6.723,1,0.047593,95.047,4,0.446299
4/6/2013,0,1,0.010643,0.565938,196.66385,0.7884,9,0.421017,-5.233,1,0.046742,139.812,4,0.326662
4/6/2013,0,2,0.06438,0.748006,238.10621,0.532827,6,0.048528,-7.262,0,0.305468,94.894,4,0.681107
4/6/2013,0,3,0.034853,0.79334,174.14621,0.509224,8,0.237566,-7.852,1,0.148757,86.313,4,0.516824
4/6/2013,0,4,0.085264,0.788319,267.91138,0.607652,11,0.103641,-5.146,0,0.181899,102.006,4,0.395646
4/6/2013,0,5,0.005823,0.674568,266.30404,0.442083,11,0.099912,-13.097,1,0.041333,124.967,4,0.454904
4/6/2013,0,6,0.935448,0.605382,213.54621,0.250015,0,0.078788,-10.267,1,0.047495,72.92,4,0.414715
4/6/2013,0,7,0.022267,0.785359,295.34621,0.804214,2,0.11504,-5.235,1,0.06186,127.943,4,0.781185
4/6/2013,0,8,0.023848,0.85107,232.53556,0.597882,1,0.114527,-10.101,1,0.296349,95.927,4,0.695397
4/6/2013,0,9,0.947981,0.629303,249,0.195439,9,0.155551,-16.8,0,0.03036,111.892,4,0.114113
4/6/2013,0,10,0.135614,0.405363,259.60444,0.372403,6,0.064578,-16.847,1,0.030165,142.605,4,0.503393
3/30/2013,0,1,0.010643,0.565938,196.66385,0.7884,9,0.421017,-5.233,1,0.046742,139.812,4,0.326662
3/30/2013,0,2,0.06438,0.748006,238.10621,0.532827,6,0.048528,-7.262,0,0.305468,94.894,4,0.681107
3/30/2013,0,3,0.034853,0.79334,174.14621,0.509224,8,0.237566,-7.852,1,0.148757,86.313,4,0.516824
3/30/2013,0,4,0.005823,0.674568,266.30404,0.442083,11,0.099912,-13.097,1,0.041333,124.967,4,0.454904
3/30/2013,0,5,0.935448,0.605382,213.54621,0.250015,0,0.078788,-10.267,1,0.047495,72.92,4,0.414715
3/30/2013,0,6,0.022267,0.785359,295.34621,0.804214,2,0.11504,-5.235,1,0.06186,127.943,4,0.781185
3/30/2013,0,7,0.085264,0.788319,267.91138,0.607652,11,0.103641,-5.146,0,0.181899,102.006,4,0.395646
3/30/2013,0,8,0.023848,0.85107,232.53556,0.597882,1,0.114527,-10.101,1,0.296349,95.927,4,0.695397
3/30/2013,0,9,0.947981,0.629303,249,0.195439,9,0.155551,-16.8,0,0.03036,111.892,4,0.114113
3/30/2013,0,10,0.051567,0.79554,247.03955,0.331535,7,0.223191,-18.862,1,0.090274,132.639,4,0.56061
3/23/2013,0,1,0.010643,0.565938,196.66385,0.7884,9,0.421017,-5.233,1,0.046742,139.812,4,0.326662
3/23/2013,0,2,0.06438,0.748006,238.10621,0.532827,6,0.048528,-7.262,0,0.305468,94.894,4,0.681107
3/23/2013,0,3,0.034853,0.79334,174.14621,0.509224,8,0.237566,-7.852,1,0.148757,86.313,4,0.516824
3/23/2013,0,4,0.005823,0.674568,266.30404,0.442083,11,0.099912,-13.097,1,0.041333,124.967,4,0.454904
3/23/2013,0,5,0.022267,0.785359,295.34621,0.804214,2,0.11504,-5.235,1,0.06186,127.943,4,0.781185
3/23/2013,0,6,0.935448,0.605382,213.54621,0.250015,0,0.078788,-10.267,1,0.047495,72.92,4,0.414715
3/23/2013,0,7,0.00657,0.592698,218.70621,0.449941,6,0.032061,-7.323,1,0.041562,154.029,4,0.674258
3/23/2013,0,8,0.023848,0.85107,232.53556,0.597882,1,0.114527,-10.101,1,0.296349,95.927,4,0.695397
3/23/2013,0,9,0.947981,0.629303,249,0.195439,9,0.155551,-16.8,0,0.03036,111.892,4,0.114113
3/23/2013,0,10,0.051567,0.79554,247.03955,0.331535,7,0.223191,-18.862,1,0.090274,132.639,4,0.56061
3/16/2013,0,1,0.010643,0.565938,196.66385,0.7884,9,0.421017,-5.233,1,0.046742,139.812,4,0.326662
3/16/2013,0,2,0.06438,0.748006,238.10621,0.532827,6,0.048528,-7.262,0,0.305468,94.894,4,0.681107
3/16/2013,0,3,0.034853,0.79334,174.14621,0.509224,8,0.237566,-7.852,1,0.148757,86.313,4,0.516824
3/16/2013,0,4,0.005823,0.674568,266.30404,0.442083,11,0.099912,-13.097,1,0.041333,124.967,4,0.454904
3/16/2013,0,5,0.022267,0.785359,295.34621,0.804214,2,0.11504,-5.235,1,0.06186,127.943,4,0.781185
3/16/2013,0,6,0.023848,0.85107,232.53556,0.597882,1,0.114527,-10.101,1,0.296349,95.927,4,0.695397
3/16/2013,0,7,0.935448,0.605382,213.54621,0.250015,0,0.078788,-10.267,1,0.047495,72.92,4,0.414715
3/16/2013,0,8,0.051567,0.79554,247.03955,0.331535,7,0.223191,-18.862,1,0.090274,132.639,4,0.56061
3/16/2013,0,9,0.947981,0.629303,249,0.195439,9,0.155551,-16.8,0,0.03036,111.892,4,0.114113
3/16/2013,0,10,0.00657,0.592698,218.70621,0.449941,6,0.032061,-7.323,1,0.041562,154.029,4,0.674258
3/9/2013,0,1,0.010643,0.565938,196.66385,0.7884,9,0.421017,-5.233,1,0.046742,139.812,4,0.326662
3/9/2013,0,2,0.06438,0.748006,238.10621,0.532827,6,0.048528,-7.262,0,0.305468,94.894,4,0.681107
3/9/2013,0,3,0.034853,0.79334,174.14621,0.509224,8,0.237566,-7.852,1,0.148757,86.313,4,0.516824
3/9/2013,0,4,0.005823,0.674568,266.30404,0.442083,11,0.099912,-13.097,1,0.041333,124.967,4,0.454904
3/9/2013,0,5,0.036113,0.321942,202.14354,0.726381,2,0.472669,-5.919,1,0.136055,81.055,4,0.381336
3/9/2013,0,6,0.051567,0.79554,247.03955,0.331535,7,0.223191,-18.862,1,0.090274,132.639,4,0.56061
3/9/2013,0,7,0.022267,0.785359,295.34621,0.804214,2,0.11504,-5.235,1,0.06186,127.943,4,0.781185
3/9/2013,0,8,0.023848,0.85107,232.53556,0.597882,1,0.114527,-10.101,1,0.296349,95.927,4,0.695397
3/9/2013,0,9,0.947981,0.629303,249,0.195439,9,0.155551,-16.8,0,0.03036,111.892,4,0.114113
3/9/2013,0,10,0.00657,0.592698,218.70621,0.449941,6,0.032061,-7.323,1,0.041562,154.029,4,0.674258
3/2/2013,0,1,0.010643,0.565938,196.66385,0.7884,9,0.421017,-5.233,1,0.046742,139.812,4,0.326662
3/2/2013,0,2,0.06438,0.748006,238.10621,0.532827,6,0.048528,-7.262,0,0.305468,94.894,4,0.681107
3/2/2013,0,3,0.034853,0.79334,174.14621,0.509224,8,0.237566,-7.852,1,0.148757,86.313,4,0.516824
3/2/2013,0,4,0.051567,0.79554,247.03955,0.331535,7,0.223191,-18.862,1,0.090274,132.639,4,0.56061
3/2/2013,0,5,0.022267,0.785359,295.34621,0.804214,2,0.11504,-5.235,1,0.06186,127.943,4,0.781185
3/2/2013,0,6,0.023848,0.85107,232.53556,0.597882,1,0.114527,-10.101,1,0.296349,95.927,4,0.695397
3/2/2013,0,7,0.947981,0.629303,249,0.195439,9,0.155551,-16.8,0,0.03036,111.892,4,0.114113
3/2/2013,0,8,0.695691,0.590424,161.66354,0.389419,0,0.830494,-15.046,1,0.029543,79.676,4,0.332072
3/2/2013,0,9,0.003048,0.590551,294.67202,0.6305,0,0.671588,-12.019,1,0.257794,127.759,4,0.628132
3/2/2013,0,10,0.00657,0.592698,218.70621,0.449941,6,0.032061,-7.323,1,0.041562,154.029,4,0.674258
2/23/2013,0,1,0.06438,0.748006,238.10621,0.532827,6,0.048528,-7.262,0,0.305468,94.894,4,0.681107
2/23/2013,0,2,0.023848,0.85107,232.53556,0.597882,1,0.114527,-10.101,1,0.296349,95.927,4,0.695397
2/23/2013,0,3,0.695691,0.590424,161.66354,0.389419,0,0.830494,-15.046,1,0.029543,79.676,4,0.332072
2/23/2013,0,4,0.035881,0.656697,223.73832,0.39686,7,0.052166,-17.336,0,0.039942,146.935,4,0.898007
2/23/2013,0,5,0.141286,0.624454,280.27955,0.741346,7,0.107618,-7.714,1,0.032686,104.996,4,0.152416
2/23/2013,0,6,0.135614,0.405363,259.60444,0.372403,6,0.064578,-16.847,1,0.030165,142.605,4,0.503393
2/23/2013,0,7,0.051567,0.79554,247.03955,0.331535,7,0.223191,-18.862,1,0.090274,132.639,4,0.56061
2/23/2013,0,8,0.136149,0.604403,211.97288,0.727537,2,0.160605,-7.012,1,0.049601,128.985,4,0.449535
2/23/2013,0,9,0.003048,0.590551,294.67202,0.6305,0,0.671588,-12.019,1,0.257794,127.759,4,0.628132
2/23/2013,0,10,0.216924,0.601996,254.99955,0.836462,8,0.188665,-9.147,0,0.119481,128.022,4,0.553207
2/16/2013,0,1,0.06438,0.748006,238.10621,0.532827,6,0.048528,-7.262,0,0.305468,94.894,4,0.681107
2/16/2013,0,2,0.023848,0.85107,232.53556,0.597882,1,0.114527,-10.101,1,0.296349,95.927,4,0.695397
2/16/2013,0,3,0.695691,0.590424,161.66354,0.389419,0,0.830494,-15.046,1,0.029543,79.676,4,0.332072
2/16/2013,0,4,0.035881,0.656697,223.73832,0.39686,7,0.052166,-17.336,0,0.039942,146.935,4,0.898007
2/16/2013,0,5,0.141286,0.624454,280.27955,0.741346,7,0.107618,-7.714,1,0.032686,104.996,4,0.152416
2/16/2013,0,6,0.136149,0.604403,211.97288,0.727537,2,0.160605,-7.012,1,0.049601,128.985,4,0.449535
2/16/2013,0,7,0.051567,0.79554,247.03955,0.331535,7,0.223191,-18.862,1,0.090274,132.639,4,0.56061
2/16/2013,0,8,0.135614,0.405363,259.60444,0.372403,6,0.064578,-16.847,1,0.030165,142.605,4,0.503393
2/16/2013,0,9,0.00328,0.49758,284.23202,0.456378,11,0.417169,-12.944,0,0.045394,91.938,4,0.196904
2/16/2013,0,10,0.216924,0.601996,254.99955,0.836462,8,0.188665,-9.147,0,0.119481,128.022,4,0.553207
2/9/2013,0,1,0.06438,0.748006,238.10621,0.532827,6,0.048528,-7.262,0,0.305468,94.894,4,0.681107
2/9/2013,0,2,0.023848,0.85107,232.53556,0.597882,1,0.114527,-10.101,1,0.296349,95.927,4,0.695397
2/9/2013,0,3,0.695691,0.590424,161.66354,0.389419,0,0.830494,-15.046,1,0.029543,79.676,4,0.332072
2/9/2013,0,4,0.035881,0.656697,223.73832,0.39686,7,0.052166,-17.336,0,0.039942,146.935,4,0.898007
2/9/2013,0,5,0.141286,0.624454,280.27955,0.741346,7,0.107618,-7.714,1,0.032686,104.996,4,0.152416
2/9/2013,0,6,0.136149,0.604403,211.97288,0.727537,2,0.160605,-7.012,1,0.049601,128.985,4,0.449535
2/9/2013,0,7,0.051567,0.79554,247.03955,0.331535,7,0.223191,-18.862,1,0.090274,132.639,4,0.56061
2/9/2013,0,8,0.00328,0.49758,284.23202,0.456378,11,0.417169,-12.944,0,0.045394,91.938,4,0.196904
2/9/2013,0,9,0.135614,0.405363,259.60444,0.372403,6,0.064578,-16.847,1,0.030165,142.605,4,0.503393
2/9/2013,0,10,0.216924,0.601996,254.99955,0.836462,8,0.188665,-9.147,0,0.119481,128.022,4,0.553207
2/2/2013,0,1,0.06438,0.748006,238.10621,0.532827,6,0.048528,-7.262,0,0.305468,94.894,4,0.681107
2/2/2013,0,2,0.035881,0.656697,223.73832,0.39686,7,0.052166,-17.336,0,0.039942,146.935,4,0.898007
2/2/2013,0,3,0.023848,0.85107,232.53556,0.597882,1,0.114527,-10.101,1,0.296349,95.927,4,0.695397
2/2/2013,0,4,0.695691,0.590424,161.66354,0.389419,0,0.830494,-15.046,1,0.029543,79.676,4,0.332072
2/2/2013,0,5,0.00328,0.49758,284.23202,0.456378,11,0.417169,-12.944,0,0.045394,91.938,4,0.196904
2/2/2013,0,6,0.141286,0.624454,280.27955,0.741346,7,0.107618,-7.714,1,0.032686,104.996,4,0.152416
2/2/2013,0,7,0.136149,0.604403,211.97288,0.727537,2,0.160605,-7.012,1,0.049601,128.985,4,0.449535
2/2/2013,0,8,0.051567,0.79554,247.03955,0.331535,7,0.223191,-18.862,1,0.090274,132.639,4,0.56061
2/2/2013,0,9,0.135614,0.405363,259.60444,0.372403,6,0.064578,-16.847,1,0.030165,142.605,4,0.503393
2/2/2013,0,10,0.130488,0.492996,313.78621,0.489648,6,0.584694,-7.838,0,0.44047,74.053,4,0.241388
1/26/2013,0,11,0.048682,0.651781,233.06404,0.444854,0,0.684943,-16.335,1,0.059436,110.151,4,0.486037
1/26/2013,0,13,0.022267,0.785359,295.34621,0.804214,2,0.11504,-5.235,1,0.06186,127.943,4,0.781185
1/26/2013,0,15,0.216924,0.601996,254.99955,0.836462,8,0.188665,-9.147,0,0.119481,128.022,4,0.553207
1/26/2013,0,27,0.115213,0.845816,220.99955,0.596808,5,0.084543,-5.576,1,0.203894,127.971,4,0.789904
1/26/2013,0,28,0.039724,0.464753,297.02921,0.609758,8,0.936549,-6.602,1,0.088569,91.193,4,0.197352
1/26/2013,0,29,0.016905,0.357793,235.95955,0.650837,10,0.072705,-6.043,1,0.078562,184.396,4,0.678185
1/26/2013,0,34,0.008337,0.578775,213.27955,0.637073,11,0.458301,-7.487,0,0.044891,126.026,4,0.413021
1/26/2013,0,38,0.397194,0.619223,268.03202,0.681725,5,0.586328,-9.193,1,0.044691,124.695,4,0.273916
1/26/2013,0,40,0.451321,0.822758,238.45288,0.457582,1,0.100133,-9.672,1,0.061858,119.066,4,0.275324
1/26/2013,0,41,0.368407,0.619081,195.05288,0.629391,11,0.237023,-6.05,0,0.284568,178.082,4,0.250394
1/19/2013,0,5,0.141286,0.624454,280.27955,0.741346,7,0.107618,-7.714,1,0.032686,104.996,4,0.152416
1/19/2013,0,6,0.136149,0.604403,211.97288,0.727537,2,0.160605,-7.012,1,0.049601,128.985,4,0.449535
1/19/2013,0,7,0.022267,0.785359,295.34621,0.804214,2,0.11504,-5.235,1,0.06186,127.943,4,0.781185
1/19/2013,0,8,0.130488,0.492996,313.78621,0.489648,6,0.584694,-7.838,0,0.44047,74.053,4,0.241388
1/19/2013,0,22,0.019935,0.488208,245.05424,0.347232,5,0.191873,-16.813,0,0.031991,103.394,4,0.42127
1/19/2013,0,33,0.198329,0.887639,255.93288,0.673382,1,0.098002,-5.547,1,0.263512,78.766,4,0.619637
1/19/2013,0,34,0.008337,0.578775,213.27955,0.637073,11,0.458301,-7.487,0,0.044891,126.026,4,0.413021
1/19/2013,0,35,0.060383,0.769083,323.82372,0.531107,6,0.489558,-11.533,0,0.441001,140.04,4,0.505779
1/19/2013,0,39,0.371018,0.679044,183.31537,0.616411,0,0.076076,-5.588,1,0.038863,103.019,4,0.500224
1/19/2013,0,40,0.368407,0.619081,195.05288,0.629391,11,0.237023,-6.05,0,0.284568,178.082,4,0.250394
